,precision,recall,f1-score,support
0,0.9993270524899058,1.0,0.9996634129922585,1485.0
1,1.0,0.9285714285714286,0.962962962962963,14.0
2,1.0,1.0,1.0,16.0
3,1.0,1.0,1.0,19.0
accuracy,0.999348109517601,0.999348109517601,0.999348109517601,0.999348109517601
macro avg,0.9998317631224765,0.9821428571428572,0.9906565939888053,1534.0
weighted avg,0.9993485482056781,0.999348109517601,0.9993361471805641,1534.0
